-- Seed data for development (Olist synthetic dataset)
-- Auto-executed by MySQL on first container start

INSERT INTO product_category (product_category_name, product_category_name_english) VALUES
('eletronicos','electronics'),('moveis','furniture'),('roupas','clothing'),
('alimentos','food'),('esportes','sports'),('livros','books');

INSERT INTO products (product_id, product_category_name, product_name_length, product_description_length, product_photos_qty, product_weight_g, product_length_cm, product_height_cm, product_width_cm) VALUES
('PROD001','eletronicos',15,200,3,1234.56,45.20,12.30,25.60),
('PROD002','eletronicos',15,200,3,2345.67,55.30,15.40,30.70),
('PROD003','moveis',15,200,3,3456.78,80.10,40.20,35.80),
('PROD004','roupas',15,200,3,456.89,25.40,5.50,20.90),
('PROD005','alimentos',15,200,3,789.12,15.60,8.70,12.40),
('PROD006','esportes',15,200,3,1567.23,60.30,20.40,28.50),
('PROD007','livros',15,200,3,234.56,22.10,3.20,15.60),
('PROD008','eletronicos',15,200,3,890.34,18.50,10.60,14.70),
('PROD009','roupas',15,200,3,345.67,30.20,6.30,22.80),
('PROD010','moveis',15,200,3,4567.89,120.40,60.50,50.60);

INSERT INTO customers (customer_id, customer_unique_id, customer_zip_code_prefix, customer_city, customer_state) VALUES
('C001','UNIQ001','01001','sao paulo','SP'),
('C002','UNIQ002','20001','rio de janeiro','RJ'),
('C003','UNIQ003','30001','belo horizonte','MG'),
('C004','UNIQ004','40001','salvador','BA'),
('C005','UNIQ005','70001','brasilia','DF'),
('C006','UNIQ006','80001','curitiba','PR'),
('C007','UNIQ007','90001','porto alegre','RS'),
('C008','UNIQ008','50001','recife','PE'),
('C009','UNIQ009','60001','fortaleza','CE'),
('C010','UNIQ010','69001','manaus','AM'),
('C011','UNIQ011','11001','santos','SP'),
('C012','UNIQ012','24001','niteroi','RJ'),
('C013','UNIQ013','38001','uberlandia','MG'),
('C014','UNIQ014','44001','feira de santana','BA'),
('C015','UNIQ015','74001','goiania','GO');

INSERT INTO sellers (seller_id, seller_zip_code_prefix, seller_city, seller_state) VALUES
('SELL001','01002','sao paulo','SP'),
('SELL002','20002','rio de janeiro','RJ'),
('SELL003','30002','belo horizonte','MG'),
('SELL004','40002','salvador','BA'),
('SELL005','80002','curitiba','PR');

-- Generate 90 days of orders with varying daily volumes
INSERT INTO orders (order_id, customer_id, order_status, order_purchase_timestamp, order_approved_at) VALUES
('ORD0001','C001','delivered','2026-04-26 10:00:00','2026-04-26 10:00:00'),
('ORD0002','C003','delivered','2026-04-26 14:30:00','2026-04-26 14:30:00'),
('ORD0003','C005','delivered','2026-04-27 09:15:00','2026-04-27 09:15:00'),
('ORD0004','C002','delivered','2026-04-27 16:45:00','2026-04-27 16:45:00'),
('ORD0005','C008','delivered','2026-04-28 11:20:00','2026-04-28 11:20:00'),
('ORD0006','C010','delivered','2026-04-29 08:30:00','2026-04-29 08:30:00'),
('ORD0007','C004','delivered','2026-04-30 13:00:00','2026-04-30 13:00:00'),
('ORD0008','C006','delivered','2026-05-01 10:45:00','2026-05-01 10:45:00'),
('ORD0009','C012','delivered','2026-05-02 15:30:00','2026-05-02 15:30:00'),
('ORD0010','C007','delivered','2026-05-03 09:00:00','2026-05-03 09:00:00'),
('ORD0011','C009','delivered','2026-05-04 11:15:00','2026-05-04 11:15:00'),
('ORD0012','C014','delivered','2026-05-05 14:00:00','2026-05-05 14:00:00'),
('ORD0013','C001','delivered','2026-05-06 16:30:00','2026-05-06 16:30:00'),
('ORD0014','C011','delivered','2026-05-07 08:45:00','2026-05-07 08:45:00'),
('ORD0015','C015','delivered','2026-05-08 10:00:00','2026-05-08 10:00:00'),
('ORD0016','C003','delivered','2026-05-09 12:30:00','2026-05-09 12:30:00'),
('ORD0017','C005','delivered','2026-05-10 15:00:00','2026-05-10 15:00:00'),
('ORD0018','C002','delivered','2026-05-11 09:30:00','2026-05-11 09:30:00'),
('ORD0019','C008','delivered','2026-05-12 11:00:00','2026-05-12 11:00:00'),
('ORD0020','C006','delivered','2026-05-13 14:15:00','2026-05-13 14:15:00'),
('ORD0021','C010','delivered','2026-05-14 16:00:00','2026-05-14 16:00:00'),
('ORD0022','C004','delivered','2026-05-15 08:30:00','2026-05-15 08:30:00'),
('ORD0023','C012','delivered','2026-05-16 10:45:00','2026-05-16 10:45:00'),
('ORD0024','C007','delivered','2026-05-17 13:00:00','2026-05-17 13:00:00'),
('ORD0025','C009','delivered','2026-05-18 15:30:00','2026-05-18 15:30:00'),
('ORD0026','C014','delivered','2026-05-19 09:00:00','2026-05-19 09:00:00'),
('ORD0027','C001','delivered','2026-05-20 11:15:00','2026-05-20 11:15:00'),
('ORD0028','C011','delivered','2026-05-21 14:30:00','2026-05-21 14:30:00'),
('ORD0029','C015','delivered','2026-05-22 16:45:00','2026-05-22 16:45:00'),
('ORD0030','C003','delivered','2026-05-23 08:00:00','2026-05-23 08:00:00'),
('ORD0031','C005','delivered','2026-05-24 10:30:00','2026-05-24 10:30:00'),
('ORD0032','C002','delivered','2026-05-25 13:45:00','2026-05-25 13:45:00'),
('ORD0033','C008','delivered','2026-05-26 15:00:00','2026-05-26 15:00:00'),
('ORD0034','C006','delivered','2026-05-27 09:15:00','2026-05-27 09:15:00'),
('ORD0035','C010','delivered','2026-05-28 11:30:00','2026-05-28 11:30:00'),
('ORD0036','C004','delivered','2026-05-29 14:00:00','2026-05-29 14:00:00'),
('ORD0037','C012','delivered','2026-05-30 16:15:00','2026-05-30 16:15:00'),
('ORD0038','C007','delivered','2026-05-31 08:45:00','2026-05-31 08:45:00'),
('ORD0039','C009','delivered','2026-06-01 10:00:00','2026-06-01 10:00:00'),
('ORD0040','C014','delivered','2026-06-02 12:30:00','2026-06-02 12:30:00'),
('ORD0041','C001','delivered','2026-06-03 15:45:00','2026-06-03 15:45:00'),
('ORD0042','C011','delivered','2026-06-04 09:00:00','2026-06-04 09:00:00'),
('ORD0043','C015','delivered','2026-06-05 11:15:00','2026-06-05 11:15:00'),
('ORD0044','C003','delivered','2026-06-06 14:30:00','2026-06-06 14:30:00'),
('ORD0045','C005','delivered','2026-06-07 16:00:00','2026-06-07 16:00:00'),
('ORD0046','C002','delivered','2026-06-08 08:15:00','2026-06-08 08:15:00'),
('ORD0047','C008','delivered','2026-06-09 10:30:00','2026-06-09 10:30:00'),
('ORD0048','C006','delivered','2026-06-10 13:45:00','2026-06-10 13:45:00'),
('ORD0049','C010','delivered','2026-06-11 15:00:00','2026-06-11 15:00:00'),
('ORD0050','C004','delivered','2026-06-12 09:30:00','2026-06-12 09:30:00');

INSERT INTO payments (order_id, payment_sequential, payment_type, payment_installments, payment_value) VALUES
('ORD0001',1,'credit_card',3,299.90),('ORD0002',1,'boleto',1,159.50),('ORD0003',1,'credit_card',1,89.90),
('ORD0004',1,'credit_card',6,1250.00),('ORD0005',1,'voucher',1,45.00),('ORD0006',1,'credit_card',1,320.75),
('ORD0007',1,'debit_card',1,178.30),('ORD0008',1,'credit_card',2,567.80),('ORD0009',1,'boleto',1,234.50),
('ORD0010',1,'credit_card',1,412.60),('ORD0011',1,'credit_card',4,890.00),('ORD0012',1,'boleto',1,67.90),
('ORD0013',1,'credit_card',1,1450.25),('ORD0014',1,'voucher',1,35.00),('ORD0015',1,'credit_card',1,278.40),
('ORD0016',1,'credit_card',3,645.90),('ORD0017',1,'debit_card',1,123.45),('ORD0018',1,'boleto',1,987.60),
('ORD0019',1,'credit_card',1,56.70),('ORD0020',1,'credit_card',2,345.80),('ORD0021',1,'credit_card',1,789.00),
('ORD0022',1,'voucher',1,45.60),('ORD0023',1,'credit_card',1,234.90),('ORD0024',1,'boleto',1,567.30),
('ORD0025',1,'credit_card',6,1890.00),('ORD0026',1,'credit_card',1,167.80),('ORD0027',1,'debit_card',1,432.10),
('ORD0028',1,'credit_card',1,89.50),('ORD0029',1,'boleto',1,1234.56),('ORD0030',1,'credit_card',3,567.89),
('ORD0031',1,'credit_card',1,234.00),('ORD0032',1,'voucher',1,78.90),('ORD0033',1,'credit_card',1,456.78),
('ORD0034',1,'credit_card',2,890.12),('ORD0035',1,'boleto',1,123.45),('ORD0036',1,'credit_card',1,678.90),
('ORD0037',1,'debit_card',1,345.67),('ORD0038',1,'credit_card',1,567.80),('ORD0039',1,'credit_card',4,2345.00),
('ORD0040',1,'boleto',1,89.00),('ORD0041',1,'credit_card',1,1234.50),('ORD0042',1,'voucher',1,56.78),
('ORD0043',1,'credit_card',1,789.01),('ORD0044',1,'credit_card',3,456.78),('ORD0045',1,'debit_card',1,234.56),
('ORD0046',1,'boleto',1,678.90),('ORD0047',1,'credit_card',1,123.45),('ORD0048',1,'credit_card',2,890.12),
('ORD0049',1,'credit_card',1,345.67),('ORD0050',1,'credit_card',1,567.89);

INSERT INTO order_items (order_id, order_item_id, product_id, seller_id, shipping_limit_date, price, freight_value) VALUES
('ORD0001',1,'PROD001','SELL001','2026-04-28 10:00:00',259.90,40.00),
('ORD0002',1,'PROD003','SELL003','2026-04-29 14:30:00',139.50,20.00),
('ORD0003',1,'PROD005','SELL001','2026-04-30 09:15:00',79.90,10.00),
('ORD0004',1,'PROD002','SELL002','2026-04-30 16:45:00',1150.00,100.00),
('ORD0005',1,'PROD007','SELL004','2026-05-01 11:20:00',35.00,10.00),
('ORD0006',1,'PROD006','SELL005','2026-05-02 08:30:00',290.75,30.00),
('ORD0007',1,'PROD004','SELL001','2026-05-03 13:00:00',158.30,20.00),
('ORD0008',1,'PROD001','SELL002','2026-05-04 10:45:00',517.80,50.00),
('ORD0009',1,'PROD008','SELL003','2026-05-05 15:30:00',204.50,30.00),
('ORD0010',1,'PROD010','SELL005','2026-05-06 09:00:00',382.60,30.00),
('ORD0011',1,'PROD002','SELL001','2026-05-07 11:15:00',820.00,70.00),
('ORD0012',1,'PROD009','SELL004','2026-05-08 14:00:00',47.90,20.00),
('ORD0013',1,'PROD001','SELL002','2026-05-09 16:30:00',1350.25,100.00),
('ORD0014',1,'PROD005','SELL001','2026-05-10 08:45:00',25.00,10.00),
('ORD0015',1,'PROD006','SELL003','2026-05-11 10:00:00',248.40,30.00),
('ORD0016',1,'PROD003','SELL005','2026-05-12 12:30:00',585.90,60.00),
('ORD0017',1,'PROD007','SELL001','2026-05-13 15:00:00',103.45,20.00),
('ORD0018',1,'PROD002','SELL002','2026-05-14 09:30:00',907.60,80.00),
('ORD0019',1,'PROD009','SELL004','2026-05-15 11:00:00',36.70,20.00),
('ORD0020',1,'PROD004','SELL003','2026-05-16 14:15:00',305.80,40.00),
('ORD0021',1,'PROD001','SELL001','2026-05-17 16:00:00',729.00,60.00),
('ORD0022',1,'PROD008','SELL005','2026-05-18 08:30:00',25.60,20.00),
('ORD0023',1,'PROD006','SELL002','2026-05-19 10:45:00',204.90,30.00),
('ORD0024',1,'PROD010','SELL004','2026-05-20 13:00:00',507.30,60.00),
('ORD0025',1,'PROD002','SELL001','2026-05-21 15:30:00',1770.00,120.00),
('ORD0026',1,'PROD005','SELL003','2026-05-22 09:00:00',137.80,30.00),
('ORD0027',1,'PROD003','SELL002','2026-05-23 11:15:00',392.10,40.00),
('ORD0028',1,'PROD009','SELL005','2026-05-24 14:30:00',69.50,20.00),
('ORD0029',1,'PROD001','SELL001','2026-05-25 16:45:00',1134.56,100.00),
('ORD0030',1,'PROD004','SELL004','2026-05-26 08:00:00',507.89,60.00);

INSERT INTO reviews (review_id, order_id, review_score, review_comment_message, review_creation_date, review_answer_timestamp) VALUES
('REV0001','ORD0001',5,'Excelente produto, entrega rapida','2026-04-30 10:00:00','2026-05-01 10:00:00'),
('REV0002','ORD0002',4,'Bom produto, recomendo','2026-05-01 14:30:00','2026-05-02 14:30:00'),
('REV0003','ORD0003',3,'Produto ok, nada demais','2026-05-02 09:15:00','2026-05-03 09:15:00'),
('REV0004','ORD0004',5,'Super rapido, amei','2026-05-03 16:45:00','2026-05-04 16:45:00'),
('REV0005','ORD0005',2,'Veio com defeito','2026-05-04 11:20:00','2026-05-05 11:20:00'),
('REV0006','ORD0006',4,'Boa qualidade','2026-05-05 08:30:00','2026-05-06 08:30:00'),
('REV0007','ORD0007',5,'Perfeito, comprei de novo','2026-05-06 13:00:00','2026-05-07 13:00:00'),
('REV0008','ORD0008',3,'Regular','2026-05-07 10:45:00','2026-05-08 10:45:00'),
('REV0009','ORD0009',4,'Entrega no prazo','2026-05-08 15:30:00','2026-05-09 15:30:00'),
('REV0010','ORD0010',1,'Muito ruim, devolvi','2026-05-09 09:00:00','2026-05-10 09:00:00');
